[{"key": "themeify", "name": "Themeify", "url": "https://github.com/birkbjo/OctoPrint-Themeify"}, {"key": "webcamSB", "name": "Sidebar Webcam", "url": "https://github.com/quanticchaos/OctoPrint-Webcamsb"}, {"key": "preheat", "name": "Preheat Button", "url": "https://github.com/marian42/octoprint-preheat"}, {"key": "webcamtab", "name": "WebcamTab", "url": "https://github.com/gruvin/OctoPrint-WebcamTab"}, {"key": "tplinksmartplug", "name": "TP-Link Smartplug", "url": "https://github.com/jneilliii/OctoPrint-TPLinkSmartplug"}, {"key": "telegram", "name": "Telegram Notifications", "url": "https://github.com/fabianonline/OctoPrint-Telegram"}, {"key": "taborder", "name": "Tab Order", "url": "https://github.com/jneilliii/OctoPrint-TabOrder"}, {"key": "setandwait", "name": "SetAndWait", "url": "https://github.com/kantlivelong/OctoPrint-SetAndWait"}, {"key": "PrintTimeGenius", "name": "PrintTimeGenius Plugin", "url": "https://github.com/eyal0/OctoPrint-PrintTimeGenius"}, {"key": "prettygcode", "name": "PrettyGCode", "url": "https://github.com/Kragrathea/OctoPrint-PrettyGCode"}, {"key": "filemanager", "name": "FileManager", "url": "https://github.com/Salandora/OctoPrint-FileManager"}, {"key": "cancelobject", "name": "Cancel Objects", "url": "https://github.com/paukstelis/OctoPrint-Cancelobject"}, {"key": "BLTouch", "name": "BLTouch Plugin", "url": "https://github.com/jneilliii/OctoPrint-Bltouch"}, {"key": "klipper", "name": "OctoKlipper", "url": null}, {"key": "DisplayLayerProgress", "name": "DisplayLayerProgress Plugin", "url": "https://github.com/OllisGit/OctoPrint-DisplayLayerProgress"}, {"key": "arc_welder", "name": "Arc-Welder", "url": "https://github.com/FormerLurker/ArcWelderPlugin"}, {"key": "thespaghettidetective", "name": "Access Anywhere - The Spaghetti Detective", "url": "https://thespaghettidetective.com"}, {"key": "octolapse", "name": "Octolapse", "url": "https://github.com/FormerLurker/Octolapse"}]